period	hazard_prob
1	0.089510489510489566
2	0.28059395801331277
3	0.38505338078291818
