period	MALE_death_hazard_prob	FEMALE_death_hazard_prob	MALE_angina_hazard_prob	FEMALE_angina_hazard_prob	MALE_hospmi_hazard_prob	FEMALE_hospmi_hazard_prob	MALE_mi_fchd_hazard_prob	FEMALE_mi_fchd_hazard_prob	MALE_anychd_hazard_prob	FEMALE_anychd_hazard_prob	MALE_stroke_hazard_prob	FEMALE_stroke_hazard_prob	MALE_cvd_hazard_prob	FEMALE_cvd_hazard_prob	MALE_hyperten_hazard_prob	FEMALE_hyperten_hazard_prob
1	0.43378226711560042	0.28065268065268067	0.19696969696969702	0.13519813519813517	0.16105499438832771	0.05314685314685319	0.24971941638608308	0.096969696969696928	0.36419753086419748	0.21072261072261067	0.099887766554433211	0.089510489510489566	0.35072951739618408	0.19300699300699298	0.72109988776655443	0.744055944055944
2	0.70862239841427155	0.69928710304601416	0.78127183787561139	0.73854447439353099	0.78929765886287628	0.74741506646971934	0.77038145100972333	0.7403200826019618	0.7405119152691968	0.72415829887773187	0.79738154613466339	0.74244751664106501	0.74675885911840967	0.72097053726169846	0.51509054325955739	0.34061930783242256
3	0.50680272108843538	0.40517241379310354	0.52076677316293929	0.42886597938144333	0.53015873015873016	0.45419103313840159	0.51791530944625408	0.44532803180914515	0.49659863945578231	0.41113490364025695	0.53230769230769237	0.44333996023856859	0.49488054607508536	0.42236024844720499	0.4024896265560165	0.30939226519337026
