period	hazard_prob
1	0.099887766554433211
2	0.42394014962593518
3	0.4329004329004329
